1,black bullhead, black crappie, bluegill, brown bullhead, bullheads, burbot, green sunfish, hybrid sunfish, largemouth bass, muskellunge, northern pike, pumpkinseed, rock bass, smallmouth bass, tullibee (cisco), walleye, yellow bullhead, yellow perch, bowfin (dogfish), common carp, shorthead redhorse, white sucker, bluntnose minnow, brook silverside, golden shiner, Iowa darter, Johnny darter, logperch, longnose dace, mimic shiner, mottled sculpin, slimy sculpin, spottail shiner, tadpole madtom, trout-perch
2,black crappie, bluegill, burbot, green sunfish, hybrid sunfish, largemouth bass, northern pike, pumpkinseed, sunfish, walleye, yellow perch, white sucker
3, black bullhead, black crappie, bluegill, brown bullhead, green sunfish, hybrid sunfish, largemouth bass, northern pike, orangespotted sunfish, pumpkinseed, sunfish, walleye, white crappie, yellow bullhead, yellow perch, bigmouth buffalo, bowfin (dogfish), common carp, redhorse, white sucker, fathead minnow, golden shiner, Iowa darter, spottail shiner, tadpole madtom
4, black bullhead, black crappie, bluegill, brown bullhead, brown trout, green sunfish, hybrid sunfish, largemouth bass, northern pike, pumpkinseed, rock bass, smallmouth bass, tullibee (cisco), walleye, yellow bullhead, yellow perch, bowfin (dogfish), common carp, greater redhorse, redhorse, shorthead redhorse, silver redhorse, white sucker
5, black bullhead, black crappie, bluegill, brown bullhead, channel catfish, green sunfish, hybrid sunfish, largemouth bass, northern pike, orangespotted sunfish, walleye, white crappie, yellow bullhead, yellow perch, bigmouth buffalo, bowfin (dogfish), common carp, white sucker, bluntnose minnow, fathead minnow, golden shiner, Iowa darter, Johnny darter, spottail shiner
6,black bullhead, black crappie, bluegill, brown bullhead, green sunfish, hybrid sunfish, largemouth bass, northern pike, pumpkinseed, rock bass, sunfish, tullibee (cisco), walleye, yellow bullhead, yellow perch, bowfin (dogfish), white sucker, banded killifish, blackchin shiner, blacknose shiner, bluntnose minnow, brook silverside, brook stickleback, central mudminnow, Iowa darter, Johnny darter, least darter, pugnose shiner, spottail shiner, tadpole madtom
7,black crappie, bluegill, burbot, hybrid sunfish, largemouth bass, northern pike, pumpkinseed, rock bass, smallmouth bass, walleye, yellow perch, redhorse, shorthead redhorse, white sucker
8,black crappie, bluegill, brown bullhead, crappie, hybrid sunfish, northern pike, pumpkinseed, smallmouth bass, walleye, yellow perch, white sucker, blacknose shiner, golden shiner, Iowa darter, Johnny darter
9, black crappie, bluegill, brown bullhead, hybrid sunfish, largemouth bass, muskellunge, northern pike, pumpkinseed, rock bass, tullibee (cisco), walleye, yellow perch, white sucker, banded killifish, blackchin shiner, blacknose shiner, bluntnose minnow, central mudminnow, common shiner, emerald shiner, golden shiner, Iowa darter, mimic shiner, mottled sculpin, tadpole madtom
10,brook trout, cisco species, green sunfish, lake trout, lake whitefish, northern pike, rainbow trout, smallmouth bass, splake, tullibee (cisco), walleye, yellow perch, white sucker, creek chub, golden shiner
11, black bullhead, black crappie, bluegill, brook trout, brown bullhead, burbot, hybrid sunfish, largemouth bass, northern pike, pumpkinseed, rock bass, walleye, yellow bullhead, yellow perch, bigmouth buffalo, bowfin (dogfish), shorthead redhorse, white sucker, banded killifish, blacknose shiner, bluntnose minnow, common shiner, creek chub, golden shiner, Iowa darter, Johnny darter, slender madtom, spottail shiner, tadpole madtom
12,black bullhead, black crappie, bluegill, bullheads, channel catfish, crappie, green sunfish, hybrid sunfish, largemouth bass, northern pike, pumpkinseed, sunfish, walleye, white bass, white crappie, yellow bullhead, yellow perch, bigmouth buffalo, bowfin (dogfish), common carp, freshwater drum, highfin carpsucker, longnose gar, river carpsucker, shortnose gar, white sucker, bluntnose minnow, emerald shiner, fathead minnow, gizzard shad, golden shiner, Iowa darter, Johnny darter, logperch, minnows, spottail shiner
13,black bullhead, black crappie, bluegill, brown bullhead, green sunfish, hybrid sunfish, largemouth bass, northern pike, pumpkinseed, walleye, yellow bullhead, yellow perch, bowfin (dogfish), white sucker, banded killifish, blackchin shiner, blacknose shiner, bluntnose minnow, brook stickleback, fathead minnow, golden shiner, Iowa darter, Johnny darter, spottail shiner, tadpole madtom
14,black bullhead, black crappie, bluegill, brown bullhead, channel catfish, green sunfish, hybrid sunfish, largemouth bass, muskellunge, northern pike, pumpkinseed, walleye, white crappie, yellow bullhead, yellow perch, bigmouth buffalo, bowfin (dogfish), common carp, white sucker, bluntnose minnow, brook silverside, central mudminnow, common shiner, emerald shiner, fathead minnow, golden shiner, Johnny darter, spottail shiner
15,black bullhead, black crappie, bluegill, brown bullhead, bullheads, largemouth bass, northern pike, pumpkinseed, rock bass, walleye, yellow bullhead, yellow perch, white sucker, golden shiner
16,black bullhead, black crappie, bluegill, brown bullhead, hybrid sunfish, largemouth bass, northern pike, pumpkinseed, sunfish, walleye, yellow bullhead, yellow perch, bowfin (dogfish), white sucker, central mudminnow, golden shiner, Iowa darter
17, black bullhead, black crappie, bluegill, green sunfish, hybrid sunfish, northern pike, orangespotted sunfish, pumpkinseed, walleye, yellow perch, common carp, white sucker, bluntnose minnow, brook stickleback, fathead minnow, golden shiner, Johnny darter
18,black bullhead, black crappie, bluegill, brown bullhead, green sunfish, hybrid sunfish, largemouth bass, northern pike, pumpkinseed, walleye, yellow bullhead, yellow perch, bowfin (dogfish), common carp, white sucker, bluntnose minnow, common shiner, golden shiner, Johnny darter
19,black bullhead, black crappie, bluegill, brown bullhead, green sunfish, hybrid sunfish, largemouth bass, northern pike, pumpkinseed, rock bass, tullibee (cisco), walleye, yellow bullhead, yellow perch, white sucker
20,black bullhead, black crappie, bluegill, brown bullhead, channel catfish, green sunfish, hybrid sunfish, largemouth bass, northern pike, orangespotted sunfish, pumpkinseed, walleye, white crappie, yellow bullhead, yellow perch, common carp, white sucker
21,black bullhead, black crappie, bluegill, green sunfish, hybrid sunfish, largemouth bass, northern pike, pumpkinseed, sauger, walleye, white crappie, yellow bullhead, yellow perch, common carp, white sucker, bluntnose minnow, golden shiner, Johnny darter
22,bluegill, northern pike, pumpkinseed, walleye, yellow perch, white sucker, blacknose shiner, central mudminnow, common shiner, finescale dace, golden shiner
23,black bullhead, black crappie, bluegill, brown bullhead, hybrid sunfish, lake whitefish, largemouth bass, northern pike, northern sunfish, pumpkinseed, rainbow trout, rock bass, smallmouth bass, tullibee (cisco), walleye, yellow bullhead, yellow perch, bowfin (dogfish), common carp, redhorse, white sucker, banded killifish, blackchin shiner, blacknose shiner, bluntnose minnow, brook stickleback, central mudminnow, emerald shiner, golden shiner, Iowa darter, Johnny darter, least darter, logperch, longnose dace, mimic shiner, mottled sculpin, pugnose shiner, spottail shiner
24,rook trout, brown trout, lake trout, rainbow trout, tullibee (cisco), yellow perch, white sucker, brook stickleback, central mudminnow, common shiner, creek chub, fathead minnow, finescale dace, golden shiner, Iowa darter, mottled sculpin, northern pearl dace, rainbow smelt, sculpin, slimy sculpin
25,black crappie, bluegill, burbot, cisco species, lake whitefish, largemouth bass, northern pike, rock bass, smallmouth bass, tiger muskellunge, tullibee (cisco), walleye, yellow perch, white sucker, bluntnose minnow, golden shiner, Johnny darter, spottail shiner
26, black bullhead, black crappie, bluegill, brown bullhead, hybrid sunfish, largemouth bass, muskellunge, northern pike, pumpkinseed, rock bass, walleye, yellow bullhead, yellow perch, white sucker, banded killifish, blackchin shiner, blacknose shiner, bluntnose minnow, brook stickleback, central mudminnow, golden shiner, Iowa darter, Johnny darter
27, black bullhead, black crappie, bluegill, brown bullhead, hybrid sunfish, largemouth bass, northern pike, pumpkinseed, rainbow trout, rock bass, smallmouth bass, tullibee (cisco), walleye, yellow bullhead, yellow perch, redhorse, white sucker, common shiner, golden shiner, Johnny darter, logperch
28,black bullhead, black crappie, bluegill, brown bullhead, largemouth bass, muskellunge, northern pike, pumpkinseed, rock bass, smallmouth bass, tullibee (cisco), walleye, yellow bullhead, yellow perch, shorthead redhorse, white sucker, common shiner, golden shiner
29,black bullhead, black crappie, bluegill, brown bullhead, largemouth bass, northern pike, pumpkinseed, rock bass, smallmouth bass, tullibee (cisco), walleye, yellow bullhead, yellow perch, shorthead redhorse, white sucker, common shiner, shiners
30,black crappie, bluegill, brown bullhead, hybrid sunfish, largemouth bass, muskellunge, northern pike, pumpkinseed, rock bass, smallmouth bass, sunfish, tullibee (cisco), walleye, yellow bullhead, yellow perch, white sucker, banded killifish, blackchin shiner, blacknose shiner, bluntnose minnow, golden shiner, Iowa darter, Johnny darter, logperch, mottled sculpin, spottail shiner
31,black bullhead, black crappie, bluegill, brown bullhead, hybrid sunfish, largemouth bass, muskellunge, northern pike, pumpkinseed, rock bass, smallmouth bass, tullibee (cisco), walleye, yellow bullhead, yellow perch, shorthead redhorse, white sucker, banded killifish, blacknose shiner, bluntnose minnow, brook stickleback, central mudminnow, golden shiner, Iowa darter, Johnny darter, spottail shiner
32,black bullhead, black crappie, bluegill, brown bullhead, bullheads, green sunfish, hybrid sunfish, largemouth bass, muskellunge, northern pike, northern pike (silver phase), pumpkinseed, rock bass, smallmouth bass, tullibee (cisco), walleye, yellow bullhead, yellow perch, redhorse, shorthead redhorse, white sucker, banded killifish, blacknose shiner, bluntnose minnow, central mudminnow, common shiner, creek chub, fathead minnow, golden shiner, Iowa darter, Johnny darter, logperch, mimic shiner, mottled sculpin, spottail shiner
33,black bullhead, black crappie, bluegill, brown bullhead, hybrid sunfish, largemouth bass, muskellunge, northern pike, pumpkinseed, rock bass, smallmouth bass, walleye, yellow bullhead, yellow perch, shorthead redhorse, white sucker
34,black bullhead, black crappie, bluegill, brown bullhead, green sunfish, hybrid sunfish, largemouth bass, muskellunge, northern pike, northern pike (silver phase), pumpkinseed, rock bass, smallmouth bass, tullibee (cisco), walleye, yellow bullhead, yellow perch, white sucker, banded killifish, blackchin shiner, central mudminnow, common shiner, Iowa darter, Johnny darter
35,black bullhead, black crappie, bluegill, brown bullhead, hybrid sunfish, largemouth bass, northern pike, pumpkinseed, rock bass, smallmouth bass, sunfish, tullibee (cisco), walleye, yellow bullhead, yellow perch, shorthead redhorse, white sucker, banded killifish, bigmouth shiner, blackchin shiner, blacknose shiner, bluntnose minnow, common shiner, fathead minnow, golden shiner, Iowa darter, Johnny darter, least darter, logperch, mimic shiner, mottled sculpin, spottail shiner, tadpole madtom, weed shiner
36,black bullhead, black crappie, bluegill, brown bullhead, bullheads, burbot, green sunfish, hybrid sunfish, largemouth bass, muskellunge, northern pike, pumpkinseed, rock bass, smallmouth bass, tullibee (cisco), walleye, yellow bullhead, yellow perch, bowfin (dogfish), common carp, shorthead redhorse, white sucker, bluntnose minnow, brook silverside, golden shiner, Iowa darter, Johnny darter, logperch, longnose dace, mimic shiner, mottled sculpin, slimy sculpin, spottail shiner, tadpole madtom, trout-perch